id,image_url
5I7svNzTVx3pJV9G8N5I5E,https://i.scdn.co/image/ab67616d00001e021318e0c6769b2193d2b00844
4JyGEgUGVkiszOv2caAYlm,https://i.scdn.co/image/ab67616d00001e026610d5c08e5b809ffb19b6d9
4fWi9tlWzs2XUejI8qjC6d,https://i.scdn.co/image/ab67616d00001e024db0fc4a04ae57304f41a1b8
3BOQOd4qPpdiwvqMQyh2Yg,https://i.scdn.co/image/ab67616d00001e02d25c579ea362aeee960d0d6b
6yBbmHFTxihIDFAerzDMGi,https://i.scdn.co/image/ab67616d00001e025a2bad3ba10ed2a9c5322418
1Drnmvgn8sx3axUcl5Tpnp,https://i.scdn.co/image/ab67616d00001e027f3b1eaeb9e910fc1b94d325
6cLewsHaYRcexjUMJapSdR,https://i.scdn.co/image/ab67616d00001e026724f11842fdbc0c49653ac1
39eSTaMkLR7vPsLPuGPVUu,https://i.scdn.co/image/ab67616d00001e021318e0c6769b2193d2b00844
4BSO2gPSFdjz2ZKc9OTh0N,https://i.scdn.co/image/ab67616d00001e02d6a05bd7c15919e93d242470
20DnfZyOMP1M3HQAxUqWsj,https://i.scdn.co/image/ab67616d00001e02a15f6dc927c4672e1d39b209
02bQjO84bpaGn4zlnlebWK,https://i.scdn.co/image/ab67616d00001e02dd69d8ba2268cc625504b24f
0uqzREzBuGlYZgY6EQXJYI,https://i.scdn.co/image/ab67616d00001e02a7784aca575dcac0ddd23d91
4TGJgdEPwUcBxO8nzCjR2i,https://i.scdn.co/image/ab67616d00001e026724f11842fdbc0c49653ac1
3GWVkWWgn7su8Z06oBjiiX,https://i.scdn.co/image/ab67616d00001e02ee70875d2ac4c16bdeba0191
3PWW2hb1V9z84dX9w6XkiN,https://i.scdn.co/image/ab67616d00001e02d18509393eca912bfac46125
2r5seNRSheLITyH4cevy2O,https://i.scdn.co/image/ab67616d00001e02ea38fd37178bbcb6d57269f3
0BmekH8EIjBuPjrUt4ANfJ,https://i.scdn.co/image/ab67616d00001e020d86ec6aa49e27bcc92b87f1
2d4VlnTyBVserhtyH3b9BZ,https://i.scdn.co/image/ab67616d00001e02ce93b2fc719ae92dacec2b4b
2r2XzhBMB4liDL9YW80Fqs,https://i.scdn.co/image/ab67616d00001e02649d4f282653ab8be56f447e
6afpT3wW8NdIe7nimRNRd0,https://i.scdn.co/image/ab67616d00001e02f0580b22cb33d62ac4e0a329
5kqyZy0WrBpSoLPy7ojjzx,https://i.scdn.co/image/ab67616d00001e02f0580b22cb33d62ac4e0a329
4LpFCIk7FN7mL7xvNPdeJj,https://i.scdn.co/image/ab67616d00001e02a0f8d6579920852a02518733
428IK8fDAscfRpmavVKJkN,https://i.scdn.co/image/ab67616d00001e0294676ce6aa5288318b4ca52a
7Km4W3atUNjhf05szq2Gkb,https://i.scdn.co/image/ab67616d00001e02be07f53692eb777dcb4ca560
2t3b5MZMzsArvQflOUo804,https://i.scdn.co/image/ab67616d00001e021c3e0a58f3ee28af2922e351
0cMGrVR6OQoNZwgmtQ0jWC,https://i.scdn.co/image/ab67616d00001e020d86ec6aa49e27bcc92b87f1
31RKj9kULWI2lM4tYSvAmb,https://i.scdn.co/image/ab67616d00001e02db9c8abe838bbfb28ed5cc06
2DtRJ1DKsZejym1ZU4BGRf,https://i.scdn.co/image/ab67616d00001e02a09ff5ab3cc4b2aba99b5694
4z9P0JnVUj8x6klNZvQubZ,https://i.scdn.co/image/ab67616d00001e02ab80b73233e4568a224b2ed9
2BG0KgG8XPPijzrfOmGpzd,https://i.scdn.co/image/ab67616d00001e021d4675d5a0345bb93686e4b6
3NMCyOhJojxzUvEUZ9goJL,https://i.scdn.co/image/ab67616d00001e021318e0c6769b2193d2b00844
3SWpH05o2ow3GZkhd6EsMZ,https://i.scdn.co/image/ab67616d00001e02414a19484165b2f67589eeb4
7aaHlvqJoea0S46e3YPVEX,https://i.scdn.co/image/ab67616d00001e02d45073b252a80561ccd8e0ba
2itBkHBUxGl4VfDj4HNyoD,https://i.scdn.co/image/ab67616d00001e026960c5f4eb72f0c06aa92181
3Myb5tcPivRHsoz1jw8GKr,https://i.scdn.co/image/ab67616d00001e0291fd8bfd1629fa46edc070e4
34coTrM6Wi0SAw93tjbZmq,https://i.scdn.co/image/ab67616d00001e020d7673ef82fe292b0463060b
62h7AycdIWjq6uYWC0LBht,https://i.scdn.co/image/ab67616d00001e023b4a35f9dfa8339f357a402c
7iOCDCLO5AhoKq1jOB9b0H,https://i.scdn.co/image/ab67616d00001e027563abd8344a283666509e75
6ivkBaxvclVhwZDE2uwldj,https://i.scdn.co/image/ab67616d00001e02ff79fffa546be9c46d49f865
6P8bmalMijQOpjhYbiqUBg,https://i.scdn.co/image/ab67616d00001e02a810f382c1340d6c958eb15b
1d4QAtlNQCnMARsacnkoyC,https://i.scdn.co/image/ab67616d00001e0252a874325391bf123527ef4b
3251yKF8AuxUHPbRTRSKmB,https://i.scdn.co/image/ab67616d00001e02a99419a73bb65135cd8fbe6e
08wbZAPUMj2BrzPuvAUBCA,https://i.scdn.co/image/ab67616d00001e02ca2f700861d2579eee984c1d
4oWTPL6ihHK1JNwDcJ94z4,https://i.scdn.co/image/ab67616d00001e021fee128e31dc893b31d60eb8
0eYmkWPJqioxUgSh9pVzS5,https://i.scdn.co/image/ab67616d00001e0250f8ace2690355fa20e58227
6X8DdhqGXlp9i9dsoUlXIZ,https://i.scdn.co/image/ab67616d00001e02d3b41afc0ca6cf337af98c1a
6oevmHGObPQgu65CGA68Ap,https://i.scdn.co/image/ab67616d00001e027015a5dfc1b46e0dee45e09c
4yXl4ddCMdM7TTDcylRzLP,https://i.scdn.co/image/ab67616d00001e024db0fc4a04ae57304f41a1b8
5j216bw8PG0EcIdfu92k4l,https://i.scdn.co/image/ab67616d00001e028e1a23e42f68260b7b274e09
27VoOUIDXAAgmEXSjOJ1gD,https://i.scdn.co/image/ab67616d00001e02909f0333c8c1a821a7eea703
0jCGo9MLTR98iPUQCT0p5r,https://i.scdn.co/image/ab67616d00001e022fa478d357cac0fd0407643f
1wsH1vr47RAyf7jnjTShSO,https://i.scdn.co/image/ab67616d00001e0290a47a5f23c2035c171cc1a7
4FgOJCzDU2yWJ6WVa3cK6d,https://i.scdn.co/image/ab67616d00001e02d0acd0d0649a9a8f2f6dbc88
6bI9qIBdEoB40nfuUy7u5F,https://i.scdn.co/image/ab67616d00001e022590c2d33bd70c8bf059591b
3ppDl5BupTgSbgdTIDTC49,https://i.scdn.co/image/ab67616d00001e02a15f6dc927c4672e1d39b209
3mo4YNzZtUyIxRQ7mH5yno,https://i.scdn.co/image/ab67616d00001e02a15f6dc927c4672e1d39b209
3t4OeuZLxYUKjWgCaZMFDP,https://i.scdn.co/image/ab67616d00001e021ac38ce3fdeff3304c51186f
3awm1x3kGmYIVrkNDBFP6U,https://i.scdn.co/image/ab67616d00001e02d84a9bbcba91cb6a4a212b1b
3QDwa1AZKMBPrEMmme8gXo,https://i.scdn.co/image/ab67616d00001e02edc00db7a1b9c009631dbec6
3Jy0dWV5AnnfyTvHK6UWof,https://i.scdn.co/image/ab67616d00001e02597ed58e677b46451320f711
0WjMFlPfM73K02rAeC2JAf,https://i.scdn.co/image/ab67616d00001e02be5ccb08eceabf4c69bedef2
7MLcfJMV9oinQNdTJY9FNn,https://i.scdn.co/image/ab67616d00001e02c240b585115ba68cb337e66e
0V1771LhL3tG36pb55EZAH,https://i.scdn.co/image/ab67616d00001e0241720ef0ae31e10d39e43ca2
4v5VnidREtwYVOTF7wXY87,https://i.scdn.co/image/ab67616d00001e02a19986b5bb79ec00ad988892
3UEWtvTL3mE797dNOv8Rzw,https://i.scdn.co/image/ab67616d00001e029ea4370b23ce1fbc7ef0353f
3vxqxKLhQDG8BOu65tXi8g,https://i.scdn.co/image/ab67616d00001e02438d6f6951d3c446054086e2
2yaf46YMxA5y6bzmWUKgXC,https://i.scdn.co/image/ab67616d00001e0241720ef0ae31e10d39e43ca2
4UGdlagzB3mZAb7Hqb7q3v,https://i.scdn.co/image/ab67616d00001e023b4a35f9dfa8339f357a402c
3ypOWvcMixLZdPKYv4op9g,https://i.scdn.co/image/ab67616d00001e02d707b1310cd35c76fa0930d8
2FFAzUR4gFg2cK4IGfPADb,https://i.scdn.co/image/ab67616d00001e021318e0c6769b2193d2b00844
1aMvViuAn7i8gRapm8C0p8,https://i.scdn.co/image/ab67616d00001e02e175808d0c3772148b33f61f
1KM2YtlA69C6WKbxA1vdsR,https://i.scdn.co/image/ab67616d00001e022fa478d357cac0fd0407643f
4aBIXNKJ5SvyTaZLhnisnw,https://i.scdn.co/image/ab67616d00001e028425bbf03cd3434ab7a8272c
3k14QiIi832rRQBzoHptRQ,https://i.scdn.co/image/ab67616d00001e0218afcec513fec0da2dabfdee
0Kt1EFgnoCAuGAo0zVkp1V,https://i.scdn.co/image/ab67616d00001e020d86ec6aa49e27bcc92b87f1
6c5cFQeVVwGPEtswFQ7DTv,https://i.scdn.co/image/ab67616d00001e02a2d4fe5160738f4e40ab611d
5mHApP6ohquvRhvp1oqXbt,https://i.scdn.co/image/ab67616d00001e02fecaced30247a6970f034c78
6zEm9ZQyrrBj8q6Ajcuz2H,https://i.scdn.co/image/ab67616d00001e02628bd3f2e108009776294206
1Qy1eRka08FJ0Bhz7ZenYS,https://i.scdn.co/image/ab67616d00001e02ebd18d625c86daade9d1cccd
6c96Nkxc8clVSlWNyvgzdD,https://i.scdn.co/image/ab67616d00001e021fee128e31dc893b31d60eb8
3n24nqVZquv143SHulULZ2,https://i.scdn.co/image/ab67616d00001e020f445b5b38118ded4b35dd61
52huwCjKltggJUzjvnR790,https://i.scdn.co/image/ab67616d00001e02c1626206e66366c66f0c3d89
6h75iloukRybGP8p7OzB2w,https://i.scdn.co/image/ab67616d00001e02aa839bb04931542d830c73b1
2pFLsd3LCZAxhBzkbql331,https://i.scdn.co/image/ab67616d00001e02066b5629312cead773e3db02
5s8lZd5TDM9P4sIKTF2W76,https://i.scdn.co/image/ab67616d00001e02be07f53692eb777dcb4ca560
6k9L7kTBzjXY0GfazHYqCg,https://i.scdn.co/image/ab67616d00001e02276f4190ab2ffcdee0279785
0ARNaLiLcmdLapocncfVvY,https://i.scdn.co/image/ab67616d00001e02764267bc39adb669faa9ff75
3QZcyZLiaiqXAGAUZ3H6Q9,https://i.scdn.co/image/ab67616d00001e02e69d1631a09131fc87d264f6
70jnaGaj1rtpyABfUURpvr,https://i.scdn.co/image/ab67616d00001e02534eb1db0a7d68274b6e89e6
7cDJgovtYrUzNCCMpJFb6Z,https://i.scdn.co/image/ab67616d00001e0233ffa5c45ccea4103c917964
5uYgX0HGL00xwM70VLNUwk,https://i.scdn.co/image/ab67616d00001e02d20f7b692fb1407040aa8cfb
1hGP5EL7gf1YfYXulWALGf,https://i.scdn.co/image/ab67616d00001e028698e7aa2fd784f6a0c82a4b
3zrFI5zwOOrW2QURRPJeh8,https://i.scdn.co/image/ab67616d00001e02fcceaf89c4e8b73f546c65e7
7oHsS6nhOszWh5yUaHVW3d,https://i.scdn.co/image/ab67616d00001e0297e74e852b3ccf09aebc917c
2gCvWjrHt6PVJjIN1amlje,https://i.scdn.co/image/ab67616d00001e02de6daafaaa078aaa2e1ff87a
3PaErsuihPLsMPabb8CM7S,https://i.scdn.co/image/ab67616d00001e023b4a35f9dfa8339f357a402c
6UwyDozaC9Ndoh0Jr1jvwd,https://i.scdn.co/image/ab67616d00001e02ce93b2fc719ae92dacec2b4b
2XnXUSw8cFER68OhzwEX3A,https://i.scdn.co/image/ab67616d00001e02c240b585115ba68cb337e66e
5pKVh2W9oZkfRVmzf4UeYD,https://i.scdn.co/image/ab67616d00001e022fa478d357cac0fd0407643f
38x5Xwz3mkH6iCghORp0gW,https://i.scdn.co/image/ab67616d00001e0291fd8bfd1629fa46edc070e4
2YR2ATLCqZ8SsVRNQ53bgY,https://i.scdn.co/image/ab67616d00001e023b4a35f9dfa8339f357a402c
6COvxYdHnlLHqT55sLSoJc,https://i.scdn.co/image/ab67616d00001e02f9c424c0f5733f74a9713c4a
0rc5xgT8FPswJyRiA3hvKI,https://i.scdn.co/image/ab67616d00001e02628bd3f2e108009776294206
2Ju1ipP3ZKk4Vm1CZztRg0,https://i.scdn.co/image/ab67616d00001e02a99419a73bb65135cd8fbe6e
3fsoiPJOP9e1yST9HFZ7Ww,https://i.scdn.co/image/ab67616d00001e021c4f5cbaba94c0a8655e81a8
0UOpk3JFxADBTITEC1zcnd,https://i.scdn.co/image/ab67616d00001e0263adae0da3815ffbd44a82fb
4dI4oscajpdtjpg2dP1x28,https://i.scdn.co/image/ab67616d00001e024528b436e8643d63fa02b317
3c2sK4jst0tiD8xEbvQJuB,https://i.scdn.co/image/ab67616d00001e0297a5af6abb10b12a795692d2
4KWJNPDGPeSLa7efv6rSGR,https://i.scdn.co/image/ab67616d00001e023b4a35f9dfa8339f357a402c
3sO5oZ9NLbAlU6h1qVCPJq,https://i.scdn.co/image/ab67616d00001e023b50c381e5f477c3cd066286
2kQH4oS1UHGXcZAVul2nNe,https://i.scdn.co/image/ab67616d00001e02e80b1e5a8e96b88161116849
1MnMLFF901psWuu3O6NVUe,https://i.scdn.co/image/ab67616d00001e0292d8b40a8793f7f389201867
3bELVNyQDvjRqJiMiFoohe,https://i.scdn.co/image/ab67616d00001e0252a874325391bf123527ef4b
6rfD0hu8Dgz7U2rD2HK1pZ,https://i.scdn.co/image/ab67616d00001e02cf2ff985e9f00edc0c99afdd
12lpq0OS7KCipNeCalc9pH,https://i.scdn.co/image/ab67616d00001e023b4a35f9dfa8339f357a402c
2KCB47p9nvR5ZyT5hJKZi9,https://i.scdn.co/image/ab67616d00001e024436f2e7c93002ad0eb9716a
5pT4qRIpNb7cASsnMfE1Hc,https://i.scdn.co/image/ab67616d00001e0244a8aa7ac5c2e2defbfd702b
5YuEURgZBOYen79ebjJ3aq,https://i.scdn.co/image/ab67616d00001e0272c5265c12fd8effdc006b75
3JQss8SAZIIkVo3c8SkCTE,https://i.scdn.co/image/ab67616d00001e021c4e70e387c43bedb2f63600
2zbhHh1FpFELv8R6vDriyV,https://i.scdn.co/image/ab67616d00001e023b4a35f9dfa8339f357a402c
340k3JIT2OD06pNNpH38KW,https://i.scdn.co/image/ab67616d00001e02d828b182ee9b7193a0f8b5d6
3nLO4CrLPb7PmDSKGd8mdp,https://i.scdn.co/image/ab67616d00001e02c240b585115ba68cb337e66e
3eH95cySq82dDtpwrGCCfQ,https://i.scdn.co/image/ab67616d00001e02909f0333c8c1a821a7eea703
6YR7zNteyvEmy3UoNeXHjG,https://i.scdn.co/image/ab67616d00001e02d02200eb2f03122b796e322a
4p6p7ynFrJ71chcXoR2FZq,https://i.scdn.co/image/ab67616d00001e02649d4f282653ab8be56f447e
6rIZjyhuEcssaOg0l2idd3,https://i.scdn.co/image/ab67616d00001e02940771dc008d6cbe79c013bd
0yqIpi7zj74a0CRCedacOW,https://i.scdn.co/image/ab67616d00001e0280aee3216dbae96c8d21c452
1L4RtuEiAiwdX5taX4meLI,https://i.scdn.co/image/ab67616d00001e027d214af8499aa95ad220f573
6pDqhuoqpWbhLbLz9keQZO,https://i.scdn.co/image/ab67616d00001e02d02200eb2f03122b796e322a
4jdtLLyEL7wY0TlCdMKhxq,https://i.scdn.co/image/ab67616d00001e02c51563a479fa5a4917311197
4npCNCd8RYMvfYJz2EjNdW,https://i.scdn.co/image/ab67616d00001e023b4a35f9dfa8339f357a402c
6SvztZbxAJyRZZJOv5tC51,https://i.scdn.co/image/ab67616d00001e029d89f7103665500c348610b3
1fhc1oyO3kG5FZD3vl4Ymv,https://i.scdn.co/image/ab67616d00001e02717eede6d02281524ad2953e
0NwMZz1Criwkq3cQUGnMv0,https://i.scdn.co/image/ab67616d00001e02d0acd0d0649a9a8f2f6dbc88
0Bbtx1P8AXpCF3PH8Hul8N,https://i.scdn.co/image/ab67616d00001e0279f0ee60bb72d16f78637bf6
07IBuRx9So9Vo6Q0zfEnsE,https://i.scdn.co/image/ab67616d00001e02f9028475fce31cfa0d5271ba
34MFx4e30wwelAmN9GrUCS,https://i.scdn.co/image/ab67616d00001e02017918eba257a43eabf0035f
1qyfHX6bkM1IhCSTwBHE7q,https://i.scdn.co/image/ab67616d00001e020d7673ef82fe292b0463060b
4x6LSHbTZgbuXhLiG4HZF9,https://i.scdn.co/image/ab67616d00001e02232b78d2c056214c1b1df1c1
1M96z4lITTZ7YD6S8K2l3k,https://i.scdn.co/image/ab67616d00001e02c240b585115ba68cb337e66e
4nKWycT7IEMCJqCfAy7mTc,https://i.scdn.co/image/ab67616d00001e02b12cd68698ece10f84810c2c
3FHbznvQHsoZn75d0UMTP9,https://i.scdn.co/image/ab67616d00001e0279f0ee60bb72d16f78637bf6
3M0QK0bYdiGMu6JNoPk8YG,https://i.scdn.co/image/ab67616d00001e02f6d9829249efe7ddd08f1b00
6PB7R41AktgVRoJHE3XlWr,https://i.scdn.co/image/ab67616d00001e02ebd18d625c86daade9d1cccd
2s3dXh8JqLZD8LL8Kx83Jh,https://i.scdn.co/image/ab67616d00001e023b4a35f9dfa8339f357a402c
5UxJZ4bAva9wi19szFiddW,https://i.scdn.co/image/ab67616d00001e02bee9394689c8c9eb0e42ad9d
1ziWFozxLNQH76CGGizB32,https://i.scdn.co/image/ab67616d00001e02e71708b667804f6241dd1a59
6EZUcu7GHI1sS0UPQivz7e,https://i.scdn.co/image/ab67616d00001e02f22514855a9a8356664340fb
2wqhEDKlvFLq4dzZOq4qSL,https://i.scdn.co/image/ab67616d00001e022a4aeff3ddbbc30af9131e12
5ftG1XZ56uZWMvUhfJx7et,https://i.scdn.co/image/ab67616d00001e0291fd8bfd1629fa46edc070e4
30jLz3TBYUxuKHfMNcBF6E,https://i.scdn.co/image/ab67616d00001e023b4a35f9dfa8339f357a402c
2zUYlhVoLdTFgOXVYmwq5j,https://i.scdn.co/image/ab67616d00001e0209880a7b8636c5a0615dc0c8
4iqH98UJzbmo9CnrjTxBSJ,https://i.scdn.co/image/ab67616d00001e02cf80c002d2824c34cef2a5f3
0CLtsfTgbVXORxfwqUbcVc,https://i.scdn.co/image/ab67616d00001e02a80fe3b7647fc40bdde74d97
3fxFMiYZumjDSwbPNUzjEn,https://i.scdn.co/image/ab67616d00001e023b4a35f9dfa8339f357a402c
3xgm3jDFPehuoNBsjPl5sP,https://i.scdn.co/image/ab67616d00001e021ac38ce3fdeff3304c51186f
4YM7WVBYpm8WkQwiFjJR5Y,https://i.scdn.co/image/ab67616d00001e0246ce11721cec784126bfa75f
5ATUmaVJWUTTagmPwQLck3,https://i.scdn.co/image/ab67616d00001e023b812eed53f0d7e134fe446e
